Sunscreen Name,SPF,,,
Neutrogena Ultra Sheer Dry-Touch Sunscreen,100,,,
EltaMD UV Clear Broad-Spectrum Sunscreen,46,,,
Supergoop! Unseen Sunscreen,40,,,
La Roche-Posay Anthelios Melt-in Milk Sunscreen,60,,,
CeraVe Hydrating Mineral Sunscreen,30,,,
Banana Boat Ultra Sport Sunscreen,50,,,
Hawaiian Tropic Sheer Touch Lotion Sunscreen,30,,,
Blue Lizard Sensitive Mineral Sunscreen,50,,,
Coppertone Sport Sunscreen Spray,50,,,
Aveeno Protect + Hydrate Sunscreen,60,,,
Bioré UV Aqua Rich Watery Essence,50,,,
Sun Bum Original Sunscreen Lotion,50,,,
Shiseido Ultimate Sun Protector Lotion,50,,,
Thinkbaby Safe Sunscreen,50,,,
Coola Classic Face Sunscreen,30,,,
Australian Gold Botanical Sunscreen Tinted Face,50,,,
Eucerin Daily Hydration Sunscreen,30,,,
Babo Botanicals Clear Zinc Sunscreen,30,,,
ISDIN Eryfotona Actinica Mineral Sunscreen,50,,,
Alba Botanica Hawaiian Sunscreen,45,,,
Vanicream Sunscreen Sport,35,,,
Paula’s Choice Resist Super-Light Daily Wrinkle Defense,30,,,
Innisfree Daily UV Defense Sunscreen,36,,,
Badger Clear Zinc Sunscreen Cream,40,,,
Derma E Sun Defense Mineral Oil-Free Sunscreen,30,,,
Dr. Jart+ Every Sun Day Mineral Sunscreen,50,,,
Black Girl Sunscreen,30,,,
MD Solar Sciences Mineral Crème Sunscreen,50,,,
Peter Thomas Roth Water Drench Broad Spectrum Sunscreen,45,,,
Alastin HydraTint Pro Mineral Sunscreen,36,,,
CeraVe Hydrating Sunscreen ,15,,,
Neutrogena Healthy Defense Daily Moisturizer ,15,,,
Banana Boat Ultra Sport Sunscreen,15,,,
Eucerin Daily Hydration Cream,15,,,
